number,name,status
391,Dictionary-Based Configuration For Logging,Final
383,Non-decodable Bytes in System Character Interfaces,Final
380,Syntax for Delegating to a Subgenerator,Final
378,Format Specifier for Thousands Separator,Final
353,Using ssize_t as the index type,Final
389,argparse - New Command Line Parsing Module,Final
384,Defining a Stable ABI,Final
372,Adding an ordered dictionary to collections,Final
371,Addition of the multiprocessing package to the standard library,Final
376,Database of Installed Python Distributions,Final
357,Allowing Any Object to be Used for Slicing,Final
366,Main module explicit relative imports,Final
362,Function Signature Object,Final
370,Per user site-packages directory,Final
352,Required Superclass for Exceptions,Final
358,The “bytes” Object,Final
8014,The Commons Governance Model,Rejected
3146,Merging Unladen Swallow into CPython,Withdrawn
8010,The Technical Leader Governance Model,Rejected
8012,The Community Governance Model,Rejected
8015,Organization of the Python community,Rejected
8013,The External Council Governance Model,Rejected
3145,Asynchronous I/O For subprocess.Popen,Withdrawn
8011,Python Governance Model Lead by Trio of Pythonistas,Rejected
3153,Asynchronous IO support,Superseded
3152,Cofunctions,Rejected
3142,Add a “while” clause to generator expressions,Rejected
3140,"str(container) should call str(item), not repr(item)",Standards Track
3133,Introducing Roles,Rejected
3122,Delineation of the main module,Rejected
3128,BList: A Faster List-like Type,Standards Track
3130,Access to Current Module/Class/Function,Rejected
3117,Postfix type declarations,Rejected
3126,Remove Implicit String Concatenation,Rejected
3103,A Switch/Case Statement,Rejected
3139,Cleaning out sys and the “interpreter” module,Rejected
3136,Labeled break and continue,Rejected
3125,Remove Backslash Continuation,Rejected
763,Limiting deletions on PyPI,Standards Track
756,Add PyUnicode_Export() and PyUnicode_Import() C functions,Withdrawn
806,Mixed sync/async context managers with precise async marking,Rejected
727,Documentation in Annotated Metadata,Withdrawn
3001,Procedure for reviewing and improving standard library modules,Withdrawn
760,No More Bare Excepts,Withdrawn
775,Make zlib required to build CPython,Standards Track
769,"Add a ‘default’ keyword argument to ‘attrgetter’, ‘itemgetter’ and ‘getitem’",Standards Track
2026,Calendar versioning for Python,Process
754,IEEE 754 Floating Point Special Values,Rejected
726,Module __setattr__ and __delattr__,Rejected
722,Dependency specification for single-file scripts,Rejected
743,Add Py_OMIT_LEGACY_API to the Python C API,Standards Track
724,Stricter Type Guards,Withdrawn
736,Shorthand syntax for keyword arguments at invocation,Standards Track
713,Callable Modules,Rejected
759,External Wheel Hosting,Withdrawn
679,New assert statement syntax with parentheses,Standards Track
712,Adding a “converter” parameter to dataclasses.field,Rejected
704,Require virtual environments by default for package installers,Standards Track
707,A simplified signature for __exit__ and __aexit__,Standards Track
677,Callable Type Syntax,Rejected
690,Lazy Imports,Rejected
708,Extending the Repository API to Mitigate Dependency Confusion Attacks,Rejected
645,Allow writing optional types as x?,Standards Track
663,"Standardizing Enum str(), repr(), and format() behaviors",Informational
662,Editable installs via virtual wheels,Rejected
650,Specifying Installer Requirements for Python Projects,Standards Track
666,Reject Foolish Indentation,Rejected
648,Extensible customizations of the interpreter at startup,Rejected
665,A file format to list Python dependencies for reproducibility of an application,Rejected
651,Robust Stack Overflow Handling,Rejected
640,Unused variable syntax,Rejected
641,Using an underscore in the version portion of Python 3.10 compatibility tags,Rejected
631,Dependency specification in pyproject.toml based on PEP 508,Superseded
633,Dependency specification in pyproject.toml using an exploded TOML table,Rejected
620,Hide implementation details from the C API,Withdrawn
637,Support for indexing with keyword arguments,Rejected
622,Structural Pattern Matching,Superseded
642,Explicit Pattern Syntax for Structural Pattern Matching,Rejected
595,Improving bugs.python.org,Informational
601,Forbid return/break/continue breaking out of finally,Rejected
608,Coordinated Python release,Rejected
606,Python Compatibility Version,Rejected
598,Introducing incremental feature releases,Informational
605,A rolling feature release stream for CPython,Informational
599,The manylinux2014 Platform Tag,Informational
611,The one million limit,Withdrawn
580,The C call protocol,Standards Track
583,A Concurrency Memory Model for Python,Withdrawn
577,Augmented Assignment Expressions,Withdrawn
576,Rationalize Built-in function classes,Standards Track
563,Postponed Evaluation of Annotations,Standards Track
571,The manylinux2010 Platform Tag,Superseded
582,Python local packages directory,Standards Track
575,Unifying function/method classes,Withdrawn
551,Security transparency in the Python runtime,Withdrawn
559,Built-in noop(),Rejected
549,Instance Descriptors,Standards Track
548,More Flexible Loop Control,Rejected
555,Context-local variables (contextvars),Withdrawn
550,Execution Context,Withdrawn
558,Defined semantics for locals(),Withdrawn
554,Multiple Interpreters in the Stdlib,Standards Track
534,Improved Errors for Missing Standard Library Modules,Withdrawn
543,A Unified TLS API for Python,Withdrawn
531,Existence checking operators,Withdrawn
542,Dot Notation Assignment In Function Header,Rejected
546,Backport ssl.MemoryBIO and ssl.SSLObject to Python 2.7,Standards Track
536,Final Grammar for Literal String Interpolation,Withdrawn
521,Managing global context via ‘with’ blocks in generators and coroutines,Withdrawn
522,Allow BlockingIOError in security sensitive APIs,Rejected
507,Migrate CPython to Git and GitLab,Rejected
504,Using the System RNG by default,Withdrawn
502,String Interpolation - Extended Discussion,Rejected
509,Add a private version to dict,Superseded
510,Specialize functions with guards,Rejected
516,Build system abstraction for pip/conda etc,Rejected
513,A Platform Tag for Portable Linux Built Distributions,Superseded
511,API for code transformers,Rejected
496,Environment Markers,Informational
500,A protocol for delegating datetime methods to their tzinfo implementations,Standards Track
473,Adding structured data to built-in exceptions,Rejected
490,Chain exceptions at C level,Rejected
481,"Migrate CPython to Git, Github, and Phabricator",Withdrawn
474,Creating forge.python.org,Withdrawn
497,A standard mechanism for backward compatibility,Process
501,General purpose template literal strings,Standards Track
459,Standard Metadata Extensions for Python Software Packages,Withdrawn
463,Exception-catching expressions,Rejected
439,Inclusion of implicit pip bootstrap in Python installation,Rejected
455,Adding a key-transforming dictionary to collections,Standards Track
469,Migration of dict iteration code to Python 3,Withdrawn
462,Core development workflow automation for CPython,Withdrawn
460,Add binary interpolation and formatting,Withdrawn
472,Support for indexing with keyword arguments,Standards Track
416,Add a frozendict builtin type,Rejected
426,Metadata for Python Software Packages 2.0,Withdrawn
411,Provisional packages in the Python standard library,Superseded
437,"A DSL for specifying signatures, annotations and argument converters",Rejected
422,Simpler customisation of class creation,Withdrawn
431,Time zone support improvements,Standards Track
432,Restructuring the CPython startup sequence,Standards Track
433,Easier suppression of file descriptor inheritance,Superseded
406,Improved Encapsulation of Import State,Withdrawn
401,BDFL Retirement,April Fool!
410,Use decimal.Decimal type for timestamps,Rejected
396,Module Version Numbers,Withdrawn
408,Standard library __preview__ package,Rejected
395,Qualified Names for Modules,Withdrawn
402,Simplified Package Layout and Partitioning,Rejected
413,Faster evolution of the Python Standard Library,Withdrawn
377,Allow __enter__() methods to skip the statement body,Rejected
381,Mirroring infrastructure for PyPI,Withdrawn
364,Transitioning to the Py3K Standard Library,Withdrawn
363,Syntax For Dynamic Attribute Access,Rejected
390,Static metadata for Distutils,Rejected
350,Codetags,Rejected
379,Adding an Assignment Expression,Withdrawn
367,New Super,Superseded
382,Namespace Packages,Rejected
369,Post import hooks,Withdrawn
386,Changing the version comparison module in Distutils,Superseded
365,Adding the pkg_resources module,Rejected
354,Enumerations in Python,Superseded
359,The “make” Statement,Withdrawn
351,The freeze protocol,Rejected
348,Exception Reorganization for Python 3.0,Rejected
355,Path - Object oriented filesystem paths,Rejected
332,Byte vectors and String/Unicode Unification,Rejected
349,Allow str() to return unicode strings,Rejected
345,Metadata for Python Software Packages 1.2,Standards Track
340,Anonymous Block Statements,Rejected
344,Exception Chaining and Embedded Tracebacks,Superseded
346,User Defined (”with”) Statements,Withdrawn
319,Python Synchronize/Asynchronize Block,Rejected
330,Python Bytecode Verification,Rejected
336,Make None Callable,Rejected
334,Simple Coroutines via SuspendIteration,Withdrawn
335,Overloadable Boolean Operators,Rejected
339,Design of the CPython Compiler,Withdrawn
304,Controlling Generation of Bytecode Files,Withdrawn
325,Resource-Release Support for Generators,Rejected
329,Treating Builtins as Constants in the Standard Library,Rejected
306,How to Change Python’s Grammar,Withdrawn
326,A Case for Top and Bottom Values,Rejected
317,Eliminate Implicit Exception Instantiation,Rejected
321,Date/Time Parsing and Formatting,Withdrawn
315,Enhanced While Loop,Rejected
314,Metadata for Python Software Packages 1.1,Standards Track
310,Reliable Acquisition/Release Pairs,Rejected
313,Adding Roman Numeral Literals to Python,Rejected
303,Extend divmod() for Multiple Divisors,Rejected
299,Special __main__() function in modules,Rejected
297,Support for System Upgrades,Rejected
298,The Locked Buffer Interface,Withdrawn
295,Interpretation of multiline string constants,Rejected
296,Adding a bytes Object Type,Withdrawn
288,Generators Attributes and Exceptions,Withdrawn
294,Type Names in the types Module,Rejected
291,Backward Compatibility for the Python 2 Standard Library,Superseded
284,Integer for-loops,Rejected
276,Simple Iterator for ints,Rejected
281,Loop Counter Iteration with range and xrange,Rejected
275,Switching on Multiple Values,Rejected
271,Prefixing sys.path by command line option,Rejected
256,Docstring Processing System Framework,Standards Track
259,Omit printing newline after newline,Rejected
270,uniq method for list objects,Rejected
265,Sorting Dictionaries by Value,Rejected
266,Optimizing Global Variable/Attribute Access,Withdrawn
268,Extended HTTP functionality and WebDAV,Rejected
262,A Database of Installed Python Packages,Rejected
258,Docutils Design Specification,Standards Track
254,Making Classes Look More Like Types,Rejected
242,Numeric Kinds,Withdrawn
240,Adding a Rational Literal to Python,Rejected
246,Object Adaptation,Rejected
244,The directive statement,Rejected
243,Module Repository Upload Mechanism,Standards Track
245,Python Interface Syntax,Rejected
241,Metadata for Python Software Packages,Standards Track
224,Attribute Docstrings,Rejected
216,Docstring Format,Withdrawn
231,__findattr__(),Rejected
228,Reworking Python’s Numeric Model,Withdrawn
211,Adding A New Outer Product Operator,Rejected
215,String Interpolation,Superseded
220,"Coroutines, Generators, Continuations",Rejected
239,Adding a Rational Type to Python,Rejected
225,Elementwise/Objectwise Operators,Rejected
212,Loop Counter Iteration,Rejected
209,Multi-dimensional Arrays,Withdrawn
3,Guidelines for Handling Bug Reports,Withdrawn
42,Feature Requests,Withdrawn
9,Sample Plaintext PEP Template,Withdrawn
787,Safer subprocess usage using t-strings,Standards Track
3143,Standard daemon process library,Deferred
3124,"Overloading, Generic Functions, Interfaces, and Adaptation",Standards Track
3150,Statement local namespaces (aka “given” clause),Deferred
102,Doing Python Micro Releases,Superseded
204,Range Literals,Rejected
206,Python Advanced Library,Withdrawn
103,Collecting information about git,Withdrawn
210,Decoupling the Interpreter Loop,Rejected
547,Running extension modules using the -m option,Deferred
568,Generator-sensitivity for Context Variables,Deferred
674,Disallow using macros as l-values,Deferred
535,Rich comparison chaining,Deferred
774,Removing the LLVM requirement for JIT builds,Standards Track
778,Supporting Symlinks in Wheels,Standards Track
556,Threaded garbage collection,Deferred
533,Deterministic cleanup for iterators,Standards Track
505,None-aware operators,Deferred
532,A circuit breaking protocol and binary operators,Deferred
499,python -m foo should also bind 'foo' in sys.modules,Standards Track
491,The Wheel Binary Package Format 1.9,Standards Track
447,Add __getdescriptor__ method to metaclass,Deferred
444,Python Web3 Interface,Informational
423,Naming conventions and recipes related to packaging,Informational
323,Copyable Iterators,Deferred
407,New release cycle and introducing long-term support versions,Deferred
316,Programming by Contract for Python,Deferred
419,Protecting cleanup statements from interruptions,Deferred
403,General purpose decorator clause (aka “@in” clause),Deferred
400,Deprecate codecs.StreamReader and codecs.StreamWriter,Deferred
337,Logging Usage in the Standard Library,Deferred
368,Standard image protocol and class,Deferred
312,Simple Implicit Lambda,Deferred
267,Optimized Access to Module Namespaces,Deferred
286,Enhanced Argument Tuples,Deferred
269,Pgen Module for Python,Deferred
219,Stackless Python,Deferred
280,Optimizing access to globals,Deferred
233,Python Online Help,Deferred
222,Web Library Enhancements,Deferred
3003,Python Language Moratorium,Final
3099,Things that will Not Change in Python 3000,Final
3002,Procedure for Backwards-Incompatible Changes,Final
596,Python 3.9 Release Schedule,Informational
3100,Miscellaneous Python 3.0 Plans,Final
213,Attribute Access Handlers,Deferred
8001,Python Governance Voting Process,Final
3000,Python 3000,Final
537,Python 3.7 Release Schedule,Final
569,Python 3.8 Release Schedule,Final
541,Package Index Name Retention,Final
512,Migrating from hg.python.org to GitHub,Process
478,Python 3.5 Release Schedule,Final
494,Python 3.6 Release Schedule,Final
470,Removing External Hosting Support on PyPI,Final
581,Using GitHub Issues for CPython,Final
398,Python 3.3 Release Schedule,Final
347,Migrating the Python CVS to Subversion,Process
449,Removal of the PyPI Mirror Auto Discovery and Naming Scheme,Final
438,Transitioning to release-file hosting on PyPI,Superseded
361,Python 2.6 and 3.0 Release Schedule,Final
392,Python 3.2 Release Schedule,Final
429,Python 3.4 Release Schedule,Final
464,Removal of the PyPI Mirror Authenticity API,Final
404,Python 2.8 Un-release Schedule,Final
385,Migrating from Subversion to Mercurial,Final
375,Python 3.1 Release Schedule,Final
374,Choosing a distributed VCS for the Python project,Final
226,Python 2.1 Release Schedule,Final
373,Python 2.7 Release Schedule,Final
360,Externally Maintained Packages,Final
356,Python 2.5 Release Schedule,Final
251,Python 2.2 Release Schedule,Final
6,Bug Fix Releases,Superseded
160,Python 1.6 Release Schedule,Final
283,Python 2.3 Release Schedule,Final
200,Python 2.0 Release Schedule,Final
3151,Reworking the OS and IO exception hierarchy,Standards Track
320,Python 2.4 Release Schedule,Final
3155,Qualified name for classes and functions,Final
5,Guidelines for Language Evolution,Superseded
3154,Pickle protocol version 4,Final
3156,Asynchronous IO Support Rebooted: the “asyncio” Module,Final
3141,A Type Hierarchy for Numbers,Final
3138,String representation in Python 3000,Final
3149,ABI version tagged .so files,Final
3135,New Super,Final
3144,IP Address Manipulation Library for the Python Standard Library,Final
3148,futures - execute computations asynchronously,Final
3147,PYC Repository Directories,Final
3129,Class Decorators,Final
3131,Supporting Non-ASCII Identifiers,Final
3137,Immutable Bytes and Mutable Buffer,Final
3127,Integer Literal Support and Syntax,Standards Track
3132,Extended Iterable Unpacking,Final
3134,Exception Chaining and Embedded Tracebacks,Final
3123,Making PyObject_HEAD conform to standard C,Final
3110,Catching Exceptions in Python 3000,Final
3121,Extension Module Initialization and Finalization,Final
3120,Using UTF-8 as the default source encoding,Final
3118,Revising the buffer protocol,Final
3115,Metaclasses in Python 3000,Final
3119,Introducing Abstract Base Classes,Final
3114,Renaming iterator.next() to iterator.__next__(),Final
3116,New I/O,Final
3109,Raising Exceptions in Python 3000,Final
3111,Simple input built-in in Python 3000,Final
3113,Removal of Tuple Parameter Unpacking,Final
3108,Standard Library Reorganization,Final
3112,Bytes literals in Python 3000,Final
3107,Function Annotations,Final
3105,Make print a function,Final
800,Disjoint bases in the type system,Standards Track
831,Frame Pointers Everywhere: Enabling System-Level Observability for Python,Standards Track
815,Deprecate RECORD.jws and RECORD.p7s,Standards Track
814,Add frozendict built-in type,Standards Track
3102,Keyword-Only Arguments,Final
3104,Access to Names in Outer Scopes,Final
798,Unpacking in Comprehensions,Final
829,Package Startup Configuration Files,Standards Track
3106,"Revamping dict.keys(), .values() and .items()",Final
3101,Advanced String Formatting,Final
773,A Python Installation Manager for Windows,Standards Track
782,Add PyBytesWriter C API,Standards Track
784,Adding Zstandard to the standard library,Final
779,Criteria for supported status for free-threaded Python,Standards Track
791,math.integer — submodule for integer-specific mathematics functions,Final
792,Project status markers in the simple index,Standards Track
788,Protecting the C API from Interpreter Finalization,Final
757,C API to import-export Python integers,Standards Track
768,Safe external debugger interface for CPython,Standards Track
770,Improving measurability of Python packages with Software Bill-of-Materials,Standards Track
753,Uniform project URLs in core metadata,Standards Track
765,Disallow return/break/continue that exit a finally block,Standards Track
758,Allow except and except* expressions without parentheses,Final
751,A file format to record Python dependencies for installation reproducibility,Final
737,C API to format a type fully qualified name,Standards Track
735,Dependency Groups in pyproject.toml,Standards Track
740,Index support for digital attestations,Standards Track
738,Adding Android as a supported platform,Final
741,Python Configuration C API,Standards Track
742,Narrowing types with TypeIs,Standards Track
750,Template Strings,Standards Track
709,Inlined comprehensions,Final
749,Implementing PEP 649,Standards Track
747,Annotating Type Forms,Final
734,Multiple Interpreters in the Stdlib,Standards Track
715,Disabling bdist_egg distribution uploads on PyPI,Standards Track
730,Adding iOS as a supported platform,Final
728,TypedDict with Typed Extra Items,Final
721,Using tarfile.data_filter for source distribution extraction,Standards Track
723,Inline script metadata,Standards Track
705,TypedDict: Read-only items,Final
699,Remove private dict version field added in PEP 509,Standards Track
700,Additional Fields for the Simple API for Package Indexes,Final
701,Syntactic formalization of f-strings,Standards Track
698,Override Decorator for Static Typing,Final
702,Marking deprecations using the type system,Standards Track
703,Making the Global Interpreter Lock Optional in CPython,Final
697,Limited C API for Extending Opaque Types,Standards Track
706,Filter for tarfile.extractall,Standards Track
682,Format Specifier for Signed Zero,Standards Track
689,Unstable C API tier,Standards Track
687,Isolating modules in the standard library,Standards Track
688,Making the buffer protocol accessible in Python,Standards Track
696,Type Defaults for Type Parameters,Final
692,Using TypedDict for more precise **kwargs typing,Final
691,JSON-based Simple API for Python Package Indexes,Final
695,Type Parameter Syntax,Final
685,Comparison of extra names for optional distribution dependencies,Final
683,"Immortal Objects, Using a Fixed Refcount",Standards Track
684,A Per-Interpreter GIL,Standards Track
686,Make UTF-8 mode default,Standards Track
661,Sentinel Values,Standards Track
669,Low Impact Monitoring for CPython,Standards Track
660,Editable installs for pyproject.toml based builds (wheel based),Final
667,Consistent views of namespaces,Standards Track
673,Self Type,Final
675,Arbitrary Literal String Type,Final
668,Marking Python base environments as “externally managed”,Final
670,Convert macros to functions in the Python C API,Final
680,tomllib: Support for Parsing TOML in the Standard Library,Final
681,Data Class Transforms,Final
678,Enriching Exceptions with Notes,Final
656,Platform Tag for Linux Distributions Using Musl,Standards Track
628,Add math.tau,Final
652,Maintaining the Stable ABI,Standards Track
647,User-Defined Type Guards,Final
655,Marking individual TypedDict items as required or potentially-missing,Final
657,Include Fine Grained Error Locations in Tracebacks,Standards Track
649,Deferred Evaluation Of Annotations Using Descriptors,Standards Track
654,Exception Groups and except*,Standards Track
646,Variadic Generics,Standards Track
644,Require OpenSSL 1.1.1 or newer,Standards Track
629,Versioning PyPI’s Simple API,Final
627,Recording installed projects,Final
632,Deprecate distutils module,Standards Track
625,Filename of a Source Distribution,Final
634,Structural Pattern Matching: Specification,Final
643,Metadata for Package Source Distributions,Final
639,Improving License Clarity with Better Package Metadata,Final
624,Remove Py_UNICODE encoder APIs,Final
623,Remove wstr from Unicode,Final
616,String methods to remove prefixes and suffixes,Standards Track
621,Storing project metadata in pyproject.toml,Standards Track
626,Precise line numbers for debugging and other tools.,Standards Track
618,Add Optional Length-Checking To zip,Final
617,New PEG parser for CPython,Standards Track
615,Support for the IANA Time Zone Database in the Standard Library,Standards Track
614,Relaxing Grammar Restrictions On Decorators,Standards Track
613,Explicit Type Aliases,Final
612,Parameter Specification Variables,Standards Track
610,Recording the Direct URL Origin of installed distributions,Standards Track
592,Adding “Yank” Support to the Simple API,Final
597,Add optional EncodingWarning,Final
604,Allow writing union types as X,Standards Track
594,Removing dead batteries from the standard library,Standards Track
600,Future ‘manylinux’ Platform Tags for Portable Linux Built Distributions,Standards Track
593,Flexible function and variable annotations,Final
584,Add Union Operators To dict,Standards Track
585,Type Hinting Generics In Standard Collections,Standards Track
590,Vectorcall: a fast calling protocol for CPython,Standards Track
586,Literal Types,Final
587,Python Initialization Configuration,Final
591,Adding a final qualifier to typing,Final
589,TypedDict: Type Hints for Dictionaries with a Fixed Set of Keys,Standards Track
573,Module State Access from C Extension Methods,Final
572,Assignment Expressions,Final
574,Pickle protocol 5 with out-of-band data,Standards Track
578,Python Runtime Audit Hooks,Standards Track
567,Context Variables,Final
566,Metadata for Python Software Packages 2.1,Final
562,Module __getattr__ and __dir__,Final
564,Add new time functions with nanosecond resolution,Final
561,Distributing and Packaging Type Information,Final
570,Python Positional-Only Parameters,Final
565,Show DeprecationWarning in __main__,Final
540,Add a new UTF-8 Mode,Standards Track
544,Protocols: Structural subtyping (static duck typing),Final
560,Core support for typing module and generic types,Final
523,Adding a frame evaluation API to CPython,Final
552,Deterministic pycs,Final
553,Built-in breakpoint(),Final
530,Asynchronous Comprehensions,Standards Track
557,Data Classes,Final
527,Removing Un(der)used file types/extensions on PyPI,Final
539,A New C-API for Thread-Local Storage in CPython,Standards Track
538,Coercing the legacy C locale to a UTF-8 based locale,Standards Track
528,Change Windows console encoding to UTF-8,Final
524,Make os.urandom() blocking on Linux,Final
520,Preserving Class Attribute Definition Order,Final
529,Change Windows filesystem encoding to UTF-8,Final
526,Syntax for Variable Annotations,Final
525,Asynchronous Generators,Standards Track
508,Dependency specification for Python Software Packages,Final
495,Local Time Disambiguation,Standards Track
506,Adding A Secrets Module To The Standard Library,Final
498,Literal String Interpolation,Final
519,Adding a file system path protocol,Final
517,A build-system independent format for source trees,Final
503,Simple Repository API,Final
515,Underscores in Numeric Literals,Final
493,HTTPS verification migration tools for Python 2.7,Standards Track
518,Specifying Minimum Build System Requirements for Python Projects,Final
492,Coroutines with async and await syntax,Standards Track
487,Simpler customisation of class creation,Final
476,Enabling certificate verification by default for stdlib http clients,Final
488,Elimination of PYO files,Final
489,Multi-phase extension module initialization,Final
479,Change StopIteration handling inside generators,Final
485,A Function for testing approximate equality,Final
484,Type Hints,Final
477,Backport ensurepip (PEP 453) to Python 2.7,Standards Track
486,Make the Python Launcher aware of virtual environments,Final
475,Retry system calls failing with EINTR,Standards Track
468,Preserving the order of **kwargs in a function.,Standards Track
466,Network Security Enhancements for Python 2.7.x,Final
465,A dedicated infix operator for matrix multiplication,Final
461,Adding % formatting to bytes and bytearray,Final
471,os.scandir() function – a better and faster directory iterator,Standards Track
456,Secure and interchangeable hash algorithm,Standards Track
454,Add a new tracemalloc module to trace Python memory allocations,Standards Track
453,Explicit bootstrapping of pip in Python installations,Standards Track
448,Additional Unpacking Generalizations,Standards Track
451,A ModuleSpec Type for the Import System,Final
443,Single-dispatch generic functions,Standards Track
442,Safe object finalization,Standards Track
445,Add new APIs to customize Python memory allocators,Standards Track
446,Make newly created file descriptors non-inheritable,Final
450,Adding A Statistics Module To The Standard Library,Final
440,Version Identification and Dependency Specification,Final
436,The Argument Clinic DSL,Standards Track
427,The Wheel Binary Package Format 1.0,Final
441,Improving Python ZIP Application Support,Standards Track
424,A method for exposing a length hint,Final
428,The pathlib module – object-oriented filesystem paths,Final
435,Adding an Enum type to the Python standard library,Final
425,Compatibility Tags for Built Distributions,Standards Track
421,Adding sys.implementation,Standards Track
418,"Add monotonic time, performance counter, and process time functions",Final
409,Suppressing exception context,Final
405,Python Virtual Environments,Standards Track
417,Including mock in the Standard Library,Final
412,Key-Sharing Dictionary,Final
414,Explicit Unicode Literal for Python 3.3,Final
397,Python launcher for Windows,Final
420,Implicit Namespace Packages,Final
415,Implement context suppression with exception attributes,Standards Track
343,The “with” Statement,Final
341,Unifying try-except and try-finally,Final
393,Flexible String Representation,Final
338,Executing modules as scripts,Final
311,Simplified Global Interpreter Lock Acquisition for Extensions,Final
318,Decorators for Functions and Methods,Final
309,Partial Function Application,Final
331,Locale-Independent Float/String Conversions,Final
342,Coroutines via Enhanced Generators,Final
328,Imports: Multi-Line and Absolute/Relative,Final
327,Decimal Data Type,Final
322,Reverse Iteration,Final
324,subprocess - New process module,Final
308,Conditional Expressions,Final
307,Extensions to the pickle protocol,Final
292,Simpler String Substitutions,Final
293,Codec Error Handling Callbacks,Final
305,CSV File API,Standards Track
302,New Import Hooks,Final
301,Package Index and Metadata for Distutils,Final
285,Adding a bool type,Final
289,Generator Expressions,Final
282,A Logging System,Final
278,Universal Newline Support,Final
279,The enumerate() built-in function,Final
273,Import Modules from Zip Archives,Final
236,Back to the __future__,Final
263,Defining Python Source Code Encodings,Final
264,Future statements in simulated shells,Final
252,Making Types Look More Like Classes,Final
260,Simplify xrange(),Final
274,Dict Comprehensions,Final
261,Support for “wide” Unicode characters,Final
277,Unicode file name support for Windows NT,Final
250,Using site-packages on Windows,Final
253,Subtyping Built-in Types,Final
237,Unifying Long Integers and Integers,Final
218,Adding a Built-In Set Object Type,Final
234,Iterators,Final
238,Changing the Division Operator,Final
255,Simple Generators,Final
230,Warning Framework,Final
221,Import As,Final
229,Using Distutils to Build Python,Final
232,Function Attributes,Final
227,Statically Nested Scopes,Final
223,Change the Meaning of \x Escapes,Final
235,Import on Case-Insensitive Platforms,Final
208,Reworking the Coercion Model,Final
217,Display Hook for Interactive Use,Final
207,Rich Comparisons,Final
201,Lockstep Iteration,Final
214,Extended Print Statement,Final
203,Augmented Assignments,Final
202,List Comprehensions,Final
205,Weak References,Final
822,Dedented Multiline String (d-string),Standards Track
100,Python Unicode Integration,Final
835,Shorthand syntax for Annotated type metadata,Draft
828,Supporting ‘yield from’ in asynchronous generators,Draft
832,Virtual environment discovery,Standards Track
825,Wheel Variants: Package Format,Draft
830,Add timestamps to exceptions and tracebacks,Standards Track
827,Type Manipulation,Standards Track
807,Index support for Trusted Publishing,Standards Track
821,Support for unpacking TypedDicts in Callable type hints,Draft
813,The Pretty Print Protocol,Standards Track
804,An external dependency registry and name mapping mechanism,Standards Track
819,JSON Package Metadata,Draft
809,Stable ABI for the Future,Standards Track
818,Adding the Core of the Pyodide Foreign Function Interface to Python,Draft
817,Wheel Variants: Beyond Platform Tags,Standards Track
780,ABI features as environment markers,Draft
802,Display Syntax for the Empty Set,Standards Track
781,Make TYPE_CHECKING a built-in constant,Standards Track
797,Shared Object Proxies,Standards Track
785,New methods for easier handling of ExceptionGroups,Draft
777,How to Re-invent the Wheel,Standards Track
789,Preventing task-cancellation bugs by limiting yield in async generators,Draft
786,Precision and modulo-precision flag format specifiers for integer fields,Draft
748,A Unified TLS API for Python,Draft
746,Type checking Annotated metadata,Draft
752,Implicit namespaces for package repositories,Standards Track
755,Implicit namespace policy for PyPI,Process
766,Explicit Priority Choices Among Multiple Indexes,Informational
767,Annotating Read-Only Attributes,Draft
771,Default Extras for Python Software Packages,Draft
764,Inline typed dictionaries,Draft
744,JIT Compilation,Informational
603,Adding a frozenmap type to collections,Standards Track
480,Surviving a Compromise of PyPI: End-to-end signing of packages,Draft
710,Recording the provenance of installed packages,Standards Track
711,PyBI: a standard format for distributing Python Binaries,Draft
718,Subscriptable functions,Draft
725,Specifying external dependencies in pyproject.toml,Standards Track
720,Cross-compiling Python packages,Informational
833,Freezing the HTML simple repository API,Standards Track
638,Syntactic Macros,Standards Track
820,PySlot: Unified slot system for the C API,Standards Track
653,Precise Semantics for Pattern Matching,Draft
694,Upload 2.0 API for Python Package Indexes,Draft
671,Syntax for late-bound function argument defaults,Standards Track
810,Explicit lazy imports,Standards Track
467,Minor API improvements for binary sequences,Standards Track
799,A dedicated profiling package for organizing Python profiling tools,Standards Track
803,“abi3t”: Stable ABI for Free-Threaded Builds,Standards Track
8107,2026 Term Steering Council election,Informational
714,Rename dist-info-metadata in the Simple API,Accepted
808,Including static values in dynamic metadata,Standards Track
783,Emscripten Packaging,Accepted
793,PyModExport: A new entry point for C extension modules,Standards Track
458,Secure PyPI downloads with signed repository metadata,Standards Track
794,Import Name Metadata,Standards Track
739,build-details.json 1.0 — a static description file for Python build details,Accepted
658,Serve Distribution Metadata in the Simple Repository API,Standards Track
8103,2022 Term Steering Council election,Informational
8104,2023 Term Steering Council election,Informational
8105,2024 Term Steering Council election,Informational
8106,2025 Term Steering Council election,Informational
790,Python 3.15 Release Schedule,Active
8016,The Steering Council Model,Accepted
8000,Python Language Governance Proposal Overview,Final
8002,Open Source Governance Survey,Final
8101,2020 Term Steering Council election,Informational
8100,January 2019 Steering Council election,Final
3333,Python Web Server Gateway Interface v1.0.1,Informational
8102,2021 Term Steering Council election,Informational
745,Python 3.14 Release Schedule,Active
826,Python 3.16 Release Schedule,Active
816,WASI Support,Informational
762,REPL-acing the default REPL,Informational
776,Emscripten Support,Active
733,An Evaluation of Python’s Public C API,Final
801,Reserved,Active
664,Python 3.11 Release Schedule,Active
635,Structural Pattern Matching: Motivation and Rationale,Final
630,Isolating Extension Modules,Informational
579,Refactoring C functions and methods,Informational
693,Python 3.12 Release Schedule,Active
719,Python 3.13 Release Schedule,Active
514,Python registration in the Windows registry,Informational
659,Specializing Adaptive Interpreter,Final
482,Literature Overview for Type Hints,Informational
672,Unicode-related Security Considerations for Python,Active
636,Structural Pattern Matching: Tutorial,Informational
607,Reducing CPython’s Feature Delivery Latency,Informational
588,GitHub Issues Migration Plan,Final
619,Python 3.10 Release Schedule,Active
483,The Theory of Type Hints,Informational
434,IDLE Enhancement Exception for All Branches,Informational
452,API for Cryptographic Hash Functions v2.0,Final
430,Migrating to Python 3 as the default online documentation,Informational
457,Notation For Positional-Only Parameters,Informational
333,Python Web Server Gateway Interface v1.0,Informational
287,reStructuredText Docstring Format,Informational
772,Packaging Council governance process,Process
272,API for Block Encryption Algorithms v1.0,Final
399,Pure Python/C Accelerator Module Compatibility Requirements,Final
257,Docstring Conventions,Informational
290,Code Migration and Modernization,Active
394,The “python” Command on Unix-Like Systems,Active
249,Python Database API Specification v2.0,Informational
20,The Zen of Python,Active
811,Defining Python Security Response Team membership and responsibilities,Active
761,Deprecating PGP signatures for CPython artifacts,Active
247,API for Cryptographic Hash Functions,Final
732,The Python Documentation Editorial Board,Active
248,Python Database API Specification v1.0,Informational
101,Doing Python Releases 101,Active
676,PEP Infrastructure Process,Process
602,Annual Release Cycle for Python,Active
729,Typing governance process,Process
387,Backwards Compatibility Policy,Process
731,C API Working Group Charter,Process
609,Python Packaging Authority (PyPA) Governance,Active
13,Python Language Governance,Active
545,Python Documentation Translations,Active
8,Style Guide for Python Code,Active
10,Voting Guidelines,Active
11,CPython platform support,Active
4,Deprecation of Standard Modules,Active
7,Style Guide for C Code,Active
2,Procedure for Adding New Modules,Active
1,PEP Purpose and Guidelines,Active
12,Sample reStructuredText PEP Template,Active
